Category,Total_Importance
Other/Uncategorized,0.00593357126706863
Technical,0.002918204506536582
Currencies & Macro,0.00022171790342193987
Commodities,-0.00022314799769852515
Global Markets,-0.00040674382578050506
