Feature,Correlation
MA10,0.9973022564879308
^GDAXI,0.8892452647630231
^GSPC,0.8828570728446974
USDIDR=X,0.859329715671129
^IXIC,0.8461224076938086
GBPUSD=X,0.7623938552126917
EURUSD=X,0.7274725129063692
FedFundsRate,0.7095593899674654
GC=F,0.5288430892555497
HG=F,0.25292515747088296
BZ=F,0.21268501593499037
SI=F,0.1253089651650391
RSI14,0.04985633688433992
MACD_Signal,0.035563795361174697
MACD,0.03324455601347057
NG=F,0.0028056933356362334
